{"cameraMode":{"drawMode":0,"name":"Shaded","section":"Shading Mode"},"sceneLighting":true,"audioPlay":false,"sceneViewState":{"showFog":true,"showMaterialUpdate":false,"showSkybox":true,"showFlares":true,"showImageEffects":true,"showParticleSystems":true},"in2DMode":false,"pivot":{"x":2.041234016418457,"y":-19.861827850341798,"z":48.67304229736328},"rotation":{"x":0.24241913855075837,"y":0.09238572418689728,"z":-0.02319682575762272,"w":0.9654842615127564},"size":42.2833366394043,"orthographic":false}